Experiment,Split,NormalizedDCG,Precision,Recall
exp00000,0,0.002352258308544525,0.0029128086419753026,7.68232430787565
exp00000,1,0.11778731922869935,0.10028907303912242,0.05428678806061267
exp00000,2,0.16821089303222256,0.15023130300694099,0.0733902231316814
