Experiment,NormalizedDCG,Precision,Recall
exp00000,0.09611682352315548,0.08447772822934624,0.042815081207693874
